{"packFileHash":{"type":"sha256","value":"8ab3f9ef4efe7c407f010e48ad31067293bd3f62b12e8521be5a9c3378e47ece"},"indexFileHash":{"type":"sha256","value":"01b1db1025894d70474837ec2c5cd01aea7663c7deaeb0193b870814f2f23971"},"cachedFiles":{"mods/spark.toml":{"hash":{"type":"sha256","value":"60fe5d7e3ff38454bcea064f5085bb2895c8ad1184d59587349896db2791c0e7"},"linkedFileHash":{"type":"murmur2","value":"-757920000"},"cachedLocation":"mods/spark-fabric.jar","optionValue":true},"mods/malilib.toml":{"hash":{"type":"sha256","value":"01e8252fcaa9657249a071fb0225b030b552d276e81695c7d2e18e211120f986"},"linkedFileHash":{"type":"murmur2","value":"326898747"},"cachedLocation":"mods/malilib-fabric-1.17.1-0.10.0-dev.26.jar","optionValue":true},"mods/lazydfu.toml":{"hash":{"type":"sha256","value":"da1b3ee71d9ed1f17da4c85ca3da39af3e49fcc5bb032689613c4e00fc587a40"},"linkedFileHash":{"type":"sha512","value":"20b1cd3e62051c7d7498ecdc49912acb918fc4748d469c67c078cc97197289760e64b9339a4d4a03d175f648c8be8601d131776a9a6bdb8832cecdda6fc46498"},"cachedLocation":"mods/lazydfu-0.1.2.jar","optionValue":true},"mods/quickcarpet.toml":{"hash":{"type":"sha256","value":"fa82c4e759a5a84adb70d7022ee90f4be4d7d4156cfda20e1e5e5e8e5a9ac7bc"},"linkedFileHash":{"type":"sha512","value":"588a5a93a8aee883fa60364927b06ca09667fcf90586b3f6bca25e78fc4a6860fc628f8a88ec46b695dc6b5804053649eb274bcd9c5d53e10136739cb5747093"},"cachedLocation":"mods/quickcarpet-3.3.0.jar","optionValue":true},"mods/lithium.toml":{"hash":{"type":"sha256","value":"e1aea49ed8a6f2af853793ee649e69d27d872b080c4a4a30264a42022a4eabed"},"linkedFileHash":{"type":"sha512","value":"8e8bf5ea7856773d48018b8a1fd3c34306794c79b914beda3466ac43daee53172f610fd39a62801834b4751d83a9b988ad1f3fc9c9bc2ad1787fba19626a684e"},"cachedLocation":"mods/lithium-fabric-mc1.17.1-0.7.5.jar","optionValue":true},"mods/ok-zoomer.toml":{"hash":{"type":"sha256","value":"b7ac708769978f4b8e1176ab7b5c83b2213c4edae3c5aeced6a480ce6f401535"},"linkedFileHash":{"type":"sha512","value":"ed596d268dd6a4cd84cfaa58baa4f4a1ae3f2a96d14af0c928a0602a90a9e001cedc28496f9a977231b54508d194a92b4b51151be681af54e05e08705ada0ea6"},"cachedLocation":"mods/okzoomer-5.0.0-beta.3+1.17.1.jar","optionValue":true},"mods/sodium.toml":{"hash":{"type":"sha256","value":"a0fa129729bb5d0ed3419558d2819116cc0b9d055f5f356c165207ab1762f89d"},"linkedFileHash":{"type":"sha512","value":"0e68613da619dd4ba10625d93c5cc1bb4796ea8d8abc517916c38dc8c15497f1f97ae6b1590672f26224fda84a0fb7d4ca2874624e3095ff7ee39c5a037341d2"},"cachedLocation":"mods/sodium-fabric-mc1.17.1-0.3.3+build.8.jar","optionValue":true},"mods/fabric-api.toml":{"hash":{"type":"sha256","value":"941d6ba036b7b67777886b9e0cf2976671cb7b263ecb5f62b9635e17d263de00"},"linkedFileHash":{"type":"murmur2","value":"-199389280"},"cachedLocation":"mods/fabric-api-0.45.2+1.17.jar","optionValue":true},"mods/krypton.toml":{"hash":{"type":"sha256","value":"01f54d293d1008f22f8cfc9a43b4c8e5473d882c2ed7ca667cbcf55ae4d638bc"},"linkedFileHash":{"type":"sha512","value":"11caa7034af4b3902da46467e00fe734b5266817d7d312815ea23d3cb1d6ab6a9959625138b70e79dc70ff872fe066e8358c7c5cd1cb8cfa8099a08f26531481"},"cachedLocation":"mods/krypton-0.1.4.jar","optionValue":true},"mods/hydrogen.toml":{"hash":{"type":"sha256","value":"0e1a6f22d9e5538561be2f2a8bfd4998704124266c2af98d23e9adc67df5f9d9"},"linkedFileHash":{"type":"sha512","value":"db4079c26bf27b38d32ae60a47e7d347e01d43def5987e5c2cb25218e427b2f10f7fcb36f9de5d486a0953637793cd90450f8d2d7ff1a31cf8a90af3794646ad"},"cachedLocation":"mods/hydrogen-fabric-mc1.17.1-0.3.jar","optionValue":true},"mods/simple-voice-chat.toml":{"hash":{"type":"sha256","value":"10c95a5e89f2037f7f4eca0280a0bed159285687a71d22d8a2827ae8454dd365"},"linkedFileHash":{"type":"murmur2","value":"718092310"},"cachedLocation":"mods/voicechat-fabric-1.17.1-2.2.4.jar","optionValue":true},"mods/retino.toml":{"hash":{"type":"sha256","value":"b91b8f25f09a5100ea870f97df33a8c40222695df5d96710acfd72ef03703830"},"linkedFileHash":{"type":"murmur2","value":"1565932798"},"cachedLocation":"mods/retino-1.0.1.jar","optionValue":true},"mods/starlight.toml":{"hash":{"type":"sha256","value":"cb9176439af93f4215bc9eb96ddcfa02566ea41aa5c1b6e230a66bfd23299255"},"linkedFileHash":{"type":"sha512","value":"e2308963e019f030b804e787f9996044e12a63436754def273b79063b1ba3c99dc7311acbe99edab9dab290da97a75ac67e99715f485bc04d9e13e75a6a6644e"},"cachedLocation":"mods/starlight-1.0.0+fabric.73f6d37.jar","optionValue":true}},"cachedSide":"client"}