{"packFileHash":{"type":"sha256","value":"3f12fa9a17836ab3e30e3a30c6feb9a9b74d0d084669a8997ddc932fcf1f01cb"},"indexFileHash":{"type":"sha256","value":"f13ea1d08da73727c79d1832ba90d57077be7b06653a6a8d121be25f8fc781d5"},"cachedFiles":{"mods/spark.toml":{"hash":{"type":"sha256","value":"38b1e349cfa1634a49ff31b0d45136f50006bc9250c02e42b35a53da808bb8dd"},"linkedFileHash":{"type":"murmur2","value":"64142684"},"cachedLocation":"mods/spark-fabric.jar","optionValue":true},"mods/malilib.toml":{"hash":{"type":"sha256","value":"fe9d6323b9ef46f8b779c2c329cbdceb70aa52915b8f0fac9b7dd2914bd03193"},"linkedFileHash":{"type":"murmur2","value":"-17566423"},"cachedLocation":"mods/malilib-fabric-1.18.0-0.10.0-dev.26.jar","optionValue":true},"mods/lazydfu.toml":{"hash":{"type":"sha256","value":"da1b3ee71d9ed1f17da4c85ca3da39af3e49fcc5bb032689613c4e00fc587a40"},"linkedFileHash":{"type":"sha512","value":"20b1cd3e62051c7d7498ecdc49912acb918fc4748d469c67c078cc97197289760e64b9339a4d4a03d175f648c8be8601d131776a9a6bdb8832cecdda6fc46498"},"cachedLocation":"mods/lazydfu-0.1.2.jar","optionValue":true},"mods/lithium.toml":{"hash":{"type":"sha256","value":"490cf7564c6825e36933785196a6302c58f9d2658f60e2d2fb1f85ed112e36d1"},"linkedFileHash":{"type":"sha512","value":"638d259abebb622cc5e5ca905dc7361b5a0740f1c37ec827a0094dc03b7c3e83288217bfd4d17a20018d0237049674b014d62b4693b9af920b393ba37dad79fe"},"cachedLocation":"mods/lithium-fabric-mc1.18.1-0.7.7.jar","optionValue":true},"mods/ok-zoomer.toml":{"hash":{"type":"sha256","value":"b7ac708769978f4b8e1176ab7b5c83b2213c4edae3c5aeced6a480ce6f401535"},"linkedFileHash":{"type":"sha512","value":"ed596d268dd6a4cd84cfaa58baa4f4a1ae3f2a96d14af0c928a0602a90a9e001cedc28496f9a977231b54508d194a92b4b51151be681af54e05e08705ada0ea6"},"cachedLocation":"mods/okzoomer-5.0.0-beta.3+1.17.1.jar","optionValue":true},"mods/sodium.toml":{"hash":{"type":"sha256","value":"55f39b31f37997e41e0578693103e50cebc79d4eee509801479cc50a75eeb347"},"linkedFileHash":{"type":"sha512","value":"dc1bcac9330388b43bfb81eabfa36d1ff15efb3009460b3b1fb290feb70e52a55f726ad93fc09b1c9186ced595f8478fbef762ae1f5144568536e4c26f5464d6"},"cachedLocation":"mods/sodium-fabric-mc1.18-0.4.0-alpha5+build.9.jar","optionValue":true},"mods/fabric-api.toml":{"hash":{"type":"sha256","value":"d188949b67caebf77fe822e2e7eab4552227194ada59673707cef564882a0204"},"linkedFileHash":{"type":"murmur2","value":"-1668453074"},"cachedLocation":"mods/fabric-api-0.45.2+1.18.jar","optionValue":true},"mods/krypton.toml":{"hash":{"type":"sha256","value":"ffa430c24d8d6862b804c483a9070340fd3a89f858f8a5869b715534a06a04de"},"linkedFileHash":{"type":"sha512","value":"2e3548f3fb24e186090dc203ecc500df82b1eec2c3300f772f9622b6050be8b7edef71b91c4f99b4c2bcd201ff83fadf363c227a21d4f24f776b93dccaa477d5"},"cachedLocation":"mods/krypton-0.1.6.jar","optionValue":true},"mods/simple-voice-chat.toml":{"hash":{"type":"sha256","value":"0232ebe717c70d906b47dee7eacfeb9e8ba63b98bb549f440c94b32e913510f8"},"linkedFileHash":{"type":"murmur2","value":"-142949962"},"cachedLocation":"mods/voicechat-fabric-1.18.1-2.2.4.jar","optionValue":true},"mods/retino.toml":{"hash":{"type":"sha256","value":"b91b8f25f09a5100ea870f97df33a8c40222695df5d96710acfd72ef03703830"},"linkedFileHash":{"type":"murmur2","value":"1565932798"},"cachedLocation":"mods/retino-1.0.1.jar","optionValue":true},"mods/starlight.toml":{"hash":{"type":"sha256","value":"3fba2d404a85b60f3f82e8014f2560dcf55cc62e5501309929171728e602de3e"},"linkedFileHash":{"type":"sha512","value":"020a2b1f7912fdcba7877f3ba09dcff6c5a37c0782ca9baa27afc26f864cdb782fcfb582b6fdf83dfe8ea3d52293e17c8d34f39dc4a71ba467b287bdaad531db"},"cachedLocation":"mods/starlight-1.0.0+fabric.d0a3220.jar","optionValue":true},"mods/carpet.toml":{"hash":{"type":"sha256","value":"dbbcfc2308ec8ec1f3c2b1fcf2495f7414bcae168ca833847e1b8a12f1f436d7"},"linkedFileHash":{"type":"murmur2","value":"-753630080"},"cachedLocation":"mods/fabric-carpet-1.18-1.4.56+v211130.jar","optionValue":true}},"cachedSide":"client"}